,orga,project,version,pmd_occurrence
0,Apache,HIVE,HIVE_0_9_0,0
1,Apache,HIVE,HIVE_0_14_0,0
2,Apache,HIVE,HIVE_2_0_1,0
3,Apache,HIVE,HIVE_0_10_0,0
4,Apache,HIVE,HIVE_0_13_1,0
5,Apache,HIVE,HIVE_2_1_0,0
6,Apache,HIVE,HIVE_0_12_0,0
7,Apache,HIVE,HIVE_0_7_0,0
8,Apache,HIVE,HIVE_1_1_1,0
9,Apache,HIVE,HIVE_0_11_0,0
10,Apache,HIVE,HIVE_1_2_1,0
11,Apache,HIVE,HIVE_1_1_0,0
12,Apache,HIVE,HIVE_0_8_1,0
13,Apache,HIVE,HIVE_0_6_0,0
14,Apache,HIVE,HIVE_0_13_0,0
15,Apache,HIVE,HIVE_2_0_0,0
16,Apache,HIVE,HIVE_0_7_1,0
17,Apache,HIVE,HIVE_0_8_0,0
18,Apache,HIVE,HIVE_1_2_0,0
19,Apache,HIVE,HIVE_1_0_0,0
20,Apache,HIVE,HIVE_1_0_1,0
21,Apache,CAMEL,CAMEL_1_6_4,1
22,Apache,CAMEL,CAMEL_2_8_1,1
23,Apache,CAMEL,CAMEL_2_17_1,1
24,Apache,CAMEL,CAMEL_2_9_5,1
25,Apache,CAMEL,CAMEL_2_5_0,1
26,Apache,CAMEL,CAMEL_2_8_3,1
27,Apache,CAMEL,CAMEL_2_16_0,1
28,Apache,CAMEL,CAMEL_2_18_0,1
29,Apache,CAMEL,CAMEL_2_10_2,1
30,Apache,CAMEL,CAMEL_1_6_0,1
31,Apache,CAMEL,CAMEL_2_7_5,1
32,Apache,CAMEL,CAMEL_2_4_0,1
33,Apache,CAMEL,CAMEL_2_8_2,1
34,Apache,CAMEL,CAMEL_2_14_3,1
35,Apache,CAMEL,CAMEL_2_13_1,1
36,Apache,CAMEL,CAMEL_2_17_2,1
37,Apache,CAMEL,CAMEL_2_2_0,1
38,Apache,CAMEL,CAMEL_2_15_2,1
39,Apache,CAMEL,CAMEL_2_8_0,1
40,Apache,CAMEL,CAMEL_2_7_4,1
41,Apache,CAMEL,CAMEL_2_17_3,1
42,Apache,CAMEL,CAMEL_2_15_1,1
43,Apache,CAMEL,CAMEL_1_6_3,1
44,Apache,CAMEL,CAMEL_2_11_0,1
45,Apache,CAMEL,CAMEL_2_10_1,1
46,Apache,CAMEL,CAMEL_2_10_3,1
47,Apache,CAMEL,CAMEL_2_9_1,1
48,Apache,CAMEL,CAMEL_1_6_1,1
49,Apache,CAMEL,CAMEL_2_8_6,1
50,Apache,CAMEL,CAMEL_2_9_6,1
51,Apache,CAMEL,CAMEL_2_7_3,1
52,Apache,CAMEL,CAMEL_2_10_5,1
53,Apache,CAMEL,CAMEL_2_15_5,1
54,Apache,CAMEL,CAMEL_2_16_4,1
55,Apache,CAMEL,CAMEL_2_9_4,1
56,Apache,CAMEL,CAMEL_2_10_0,1
57,Apache,CAMEL,CAMEL_2_9_3,1
58,Apache,CAMEL,CAMEL_2_16_3,1
59,Apache,CAMEL,CAMEL_2_15_4,1
60,Apache,CAMEL,CAMEL_2_0_0,1
61,Apache,CAMEL,CAMEL_2_8_4,1
62,Apache,CAMEL,CAMEL_2_14_0,1
63,Apache,CAMEL,CAMEL_2_15_0,1
64,Apache,CAMEL,CAMEL_2_11_3,1
65,Apache,CAMEL,CAMEL_2_12_2,1
66,Apache,CAMEL,CAMEL_2_10_4,1
67,Apache,CAMEL,CAMEL_2_7_1,1
68,Apache,CAMEL,CAMEL_2_15_3,1
69,Apache,CAMEL,CAMEL_2_17_0,1
70,Apache,CAMEL,CAMEL_2_16_1,1
71,Apache,CAMEL,CAMEL_2_10_7,1
72,Apache,CAMEL,CAMEL_2_16_2,1
73,Apache,CAMEL,CAMEL_2_11_1,1
74,Apache,CAMEL,CAMEL_2_13_2,1
75,Apache,CAMEL,CAMEL_2_12_4,1
76,Apache,CAMEL,CAMEL_2_13_4,1
77,Apache,CAMEL,CAMEL_2_12_0,1
78,Apache,CAMEL,CAMEL_2_6_0,1
79,Apache,CAMEL,CAMEL_2_9_2,1
80,Apache,CAMEL,CAMEL_2_13_3,1
81,Apache,CAMEL,CAMEL_2_12_1,1
82,Apache,CAMEL,CAMEL_2_13_0,1
83,Apache,CAMEL,CAMEL_2_1_0,1
84,Apache,CAMEL,CAMEL_2_7_0,1
85,Apache,CAMEL,CAMEL_2_9_7,1
86,Apache,CAMEL,CAMEL_2_12_5,1
87,Apache,CAMEL,CAMEL_2_10_6,1
88,Apache,CAMEL,CAMEL_2_14_2,1
89,Apache,CAMEL,CAMEL_2_8_5,1
90,Apache,CAMEL,CAMEL_2_11_2,1
91,Apache,CAMEL,CAMEL_1_6_2,1
92,Apache,CAMEL,CAMEL_2_12_3,1
93,Apache,CAMEL,CAMEL_2_9_8,1
94,Apache,CAMEL,CAMEL_2_7_2,1
95,Apache,CAMEL,CAMEL_2_14_1,1
96,Apache,CAMEL,CAMEL_2_3_0,1
97,Apache,CAMEL,CAMEL_2_15_6,1
98,Apache,CAMEL,CAMEL_2_11_4,1
99,Apache,CAMEL,CAMEL_2_14_4,1
100,Apache,CAMEL,CAMEL_2_9_0,1
101,Apache,HBASE,HBASE_0_92_1,0
102,Apache,HBASE,HBASE_0_98_18,0
103,Apache,HBASE,HBASE_0_98_13,0
104,Apache,HBASE,HBASE_0_98_22,0
105,Apache,HBASE,HBASE_0_94_12,0
106,Apache,HBASE,HBASE_0_94_24,0
107,Apache,HBASE,HBASE_0_98_5,0
108,Apache,HBASE,HBASE_0_98_2,0
109,Apache,HBASE,HBASE_0_98_7,0
110,Apache,HBASE,HBASE_0_95_1,0
111,Apache,HBASE,HBASE_1_2_2,0
112,Apache,HBASE,HBASE_1_0_1,0
113,Apache,HBASE,HBASE_0_92_0,0
114,Apache,HBASE,HBASE_0_94_1,0
115,Apache,HBASE,HBASE_0_94_10,0
116,Apache,HBASE,HBASE_1_2_3,0
117,Apache,HBASE,HBASE_0_94_20,0
118,Apache,HBASE,HBASE_0_90_3,1
119,Apache,HBASE,HBASE_1_1_4,0
120,Apache,HBASE,HBASE_0_94_26,0
121,Apache,HBASE,HBASE_0_98_10,0
122,Apache,HBASE,HBASE_0_99_2,0
123,Apache,HBASE,HBASE_0_20_5,0
124,Apache,HBASE,HBASE_0_90_4,1
125,Apache,HBASE,HBASE_1_1_5,0
126,Apache,HBASE,HBASE_0_94_11,0
127,Apache,HBASE,HBASE_1_0_2,0
128,Apache,HBASE,HBASE_0_94_22,0
129,Apache,HBASE,HBASE_0_98_4,0
130,Apache,HBASE,HBASE_1_0_0,0
131,Apache,HBASE,HBASE_1_2_0,0
132,Apache,HBASE,HBASE_0_94_21,0
133,Apache,HBASE,HBASE_0_89_20100621,1
134,Apache,HBASE,HBASE_0_94_15,0
135,Apache,HBASE,HBASE_1_2_1,0
136,Apache,HBASE,HBASE_0_90_5,1
137,Apache,HBASE,HBASE_0_90_2,1
138,Apache,HBASE,HBASE_0_98_20,0
139,Apache,HBASE,HBASE_0_94_9,0
140,Apache,HBASE,HBASE_0_90_6,1
141,Apache,HBASE,HBASE_0_95_0,0
142,Apache,HBASE,HBASE_0_94_27,0
143,Apache,HBASE,HBASE_0_98_14,0
144,Apache,HBASE,HBASE_0_94_13,0
145,Apache,HBASE,HBASE_0_99_1,0
146,Apache,HBASE,HBASE_0_98_12,0
147,Apache,HBASE,HBASE_1_1_0,0
148,Apache,HBASE,HBASE_1_1_3,0
149,Apache,HBASE,HBASE_0_98_16,0
150,Apache,HBASE,HBASE_1_2_4,0
151,Apache,HBASE,HBASE_0_94_19,0
152,Apache,HBASE,HBASE_0_94_23,0
153,Apache,HBASE,HBASE_0_98_3,0
154,Apache,HBASE,HBASE_0_94_4,0
155,Apache,HBASE,HBASE_0_90_1,1
156,Apache,HBASE,HBASE_1_1_7,0
157,Apache,HBASE,HBASE_0_94_8,0
158,Apache,HBASE,HBASE_0_94_6,0
159,Apache,HBASE,HBASE_1_1_6,0
160,Apache,HBASE,HBASE_1_1_1,0
161,Apache,HBASE,HBASE_0_94_3,0
162,Apache,HBASE,HBASE_0_98_1,0
163,Apache,HBASE,HBASE_0_98_21,0
164,Apache,HBASE,HBASE_0_94_17,0
165,Apache,HBASE,HBASE_0_98_23,0
166,Apache,HBASE,HBASE_0_96_1,0
167,Apache,HBASE,HBASE_0_98_0,0
168,Apache,HBASE,HBASE_0_94_0,0
169,Apache,HBASE,HBASE_0_92_2,0
170,Apache,HBASE,HBASE_0_94_25,0
171,Apache,HBASE,HBASE_0_98_8,0
172,Apache,HBASE,HBASE_0_94_2,0
173,Apache,HBASE,HBASE_0_89_20100924,1
174,Apache,HBASE,HBASE_1_0_3,0
175,Apache,HBASE,HBASE_0_98_17,0
176,Apache,HBASE,HBASE_0_94_14,0
177,Apache,HBASE,HBASE_0_96_0,0
178,Apache,HBASE,HBASE_0_98_11,0
179,Apache,HBASE,HBASE_0_90_0,1
180,Apache,HBASE,HBASE_0_98_15,0
181,Apache,HBASE,HBASE_0_99_0,0
182,Apache,HBASE,HBASE_0_98_19,0
183,Apache,HBASE,HBASE_0_95_2,0
184,Apache,HBASE,HBASE_0_94_16,0
185,Apache,HBASE,HBASE_0_98_6,0
186,Apache,HBASE,HBASE_0_96_2,0
187,Apache,HBASE,HBASE_0_89_20100726,1
188,Apache,HBASE,HBASE_0_94_5,0
189,Apache,HBASE,HBASE_1_1_2,0
190,Apache,HBASE,HBASE_0_94_7,0
191,Apache,HBASE,HBASE_0_20_6,0
192,Apache,HBASE,HBASE_0_94_18,0
193,Apache,HBASE,HBASE_0_98_9,0
194,Commons,IO,IO_1_1,0
195,Commons,IO,IO_1_3_1,1
196,Commons,IO,IO_2_4,1
197,Commons,IO,IO_2_0_1,0
198,Commons,IO,IO_1_3_2,1
199,Commons,IO,IO_1_3,1
200,Commons,IO,IO_1_2,0
201,Commons,IO,IO_2_5,1
202,Commons,IO,IO_1_4,1
203,Commons,IO,IO_1_0,0
204,Commons,IO,IO_2_1,0
205,Commons,IO,IO_2_3,1
206,Commons,IO,IO_2_0,0
207,Commons,IO,IO_2_2,1
208,Commons,MATH,MATH_2_1,0
209,Commons,MATH,MATH_3_3,1
210,Commons,MATH,MATH_3_1,1
211,Commons,MATH,MATH_3_2,1
212,Commons,MATH,MATH_2_0,1
213,Commons,MATH,MATH_3_6_1,1
214,Commons,MATH,MATH_1_2,1
215,Commons,MATH,MATH_3_1_1,1
216,Commons,MATH,MATH_1_0,0
217,Commons,MATH,MATH_3_5,1
218,Commons,MATH,MATH_3_4_1,1
219,Commons,MATH,MATH_2_2,0
220,Commons,MATH,MATH_1_1,0
221,Commons,MATH,MATH_3_0,1
222,Commons,MATH,MATH_3_6,1
223,Commons,MATH,MATH_3_4,1
224,Commons,COMPRESS,COMPRESS_1_11,1
225,Commons,COMPRESS,COMPRESS_1_4_1,1
226,Commons,COMPRESS,COMPRESS_1_8_1,1
227,Commons,COMPRESS,COMPRESS_1_6,1
228,Commons,COMPRESS,COMPRESS_1_2,1
229,Commons,COMPRESS,COMPRESS_1_10,1
230,Commons,COMPRESS,COMPRESS_1_12,1
231,Commons,COMPRESS,COMPRESS_1_8,1
232,Commons,COMPRESS,COMPRESS_1_3,1
233,Commons,COMPRESS,COMPRESS_1_9,1
234,Commons,COMPRESS,COMPRESS_1_7,1
235,Commons,COMPRESS,COMPRESS_1_1,1
236,Commons,COMPRESS,COMPRESS_1_4,1
237,Commons,COMPRESS,COMPRESS_1_0,1
238,Commons,COMPRESS,COMPRESS_1_5,1
239,Commons,WEAVER,WEAVER_1_3,0
240,Commons,WEAVER,WEAVER_1_0,1
241,Commons,WEAVER,WEAVER_1_1,1
242,Commons,WEAVER,WEAVER_1_2,0
243,Commons,CONFIGURATION,CONFIGURATION_1_8,0
244,Commons,CONFIGURATION,CONFIGURATION_1_3,1
245,Commons,CONFIGURATION,CONFIGURATION_2_1,0
246,Commons,CONFIGURATION,CONFIGURATION_1_1,1
247,Commons,CONFIGURATION,CONFIGURATION_1_0,1
248,Commons,CONFIGURATION,CONFIGURATION_1_9,0
249,Commons,CONFIGURATION,CONFIGURATION_1_4,1
250,Commons,CONFIGURATION,CONFIGURATION_2_0,0
251,Commons,CONFIGURATION,CONFIGURATION_1_7,0
252,Commons,CONFIGURATION,CONFIGURATION_1_5,1
253,Commons,CONFIGURATION,CONFIGURATION_1_10,0
254,Commons,CONFIGURATION,CONFIGURATION_1_6,1
255,Commons,CONFIGURATION,CONFIGURATION_1_2,1
256,Commons,LANG,LANG_2_3,1
257,Commons,LANG,LANG_2_4,1
258,Commons,LANG,LANG_3_0_1,1
259,Commons,LANG,LANG_3_4,1
260,Commons,LANG,LANG_2_1,1
261,Commons,LANG,LANG_2_5,0
262,Commons,LANG,LANG_3_3_1,1
263,Commons,LANG,LANG_1_0_1,0
264,Commons,LANG,LANG_2_2,1
265,Commons,LANG,LANG_3_2_1,1
266,Commons,LANG,LANG_3_3,1
267,Commons,LANG,LANG_2_6,0
268,Commons,LANG,LANG_3_0,1
269,Commons,LANG,LANG_3_2,1
270,Commons,LANG,LANG_2_0,0
271,Commons,LANG,LANG_1_0,0
272,Commons,LANG,LANG_3_5,1
273,Commons,LANG,LANG_3_3_2,1
274,Commons,LANG,LANG_3_1,1
275,Commons,CODEC,CODEC_1_7,1
276,Commons,CODEC,CODEC_1_5,1
277,Commons,CODEC,CODEC_1_6,1
278,Commons,CODEC,CODEC_1_10,1
279,Commons,CODEC,CODEC_1_9,1
280,Commons,CODEC,CODEC_1_4,1
281,Commons,CODEC,CODEC_1_8,1
282,Commons,CODEC,CODEC_1_3,0
283,Commons,CODEC,CODEC_1_2,0
284,Commons,CODEC,CODEC_1_1,0
285,Commons,COLLECTIONS,COLLECTIONS_3_2_1,1
286,Commons,COLLECTIONS,COLLECTIONS_3_2_2,1
287,Commons,COLLECTIONS,COLLECTIONS_3_1,0
288,Commons,COLLECTIONS,COLLECTIONS_2_1,0
289,Commons,COLLECTIONS,COLLECTIONS_4_1,1
290,Commons,COLLECTIONS,COLLECTIONS_4_0,1
291,Commons,COLLECTIONS,COLLECTIONS_2_0,0
292,Commons,COLLECTIONS,COLLECTIONS_2_1_1,0
293,Commons,COLLECTIONS,COLLECTIONS_3_0,0
294,Commons,COLLECTIONS,COLLECTIONS_1_0,0
295,Commons,COLLECTIONS,COLLECTIONS_3_2,0
296,Commons,CSV,CSV_1_2,1
297,Commons,CSV,CSV_1_0,1
298,Commons,CSV,CSV_1_1,1
299,Commons,CSV,CSV_1_3,1
300,Commons,CSV,CSV_1_4,1
301,Commons,CRYPTO,CRYPTO_1_0_0,1
302,JBoss,JBMETA,JBMETA_7_2_1,0
303,JBoss,JBMETA,JBMETA_7_0_0,0
304,JBoss,JBMETA,JBMETA_7_0_7,0
305,JBoss,JBMETA,JBMETA_7_0_2,0
306,JBoss,JBMETA,JBMETA_7_0_9,0
307,JBoss,JBMETA,JBMETA_7_0_1,0
308,JBoss,JBMETA,JBMETA_7_2_2,0
309,JBoss,JBMETA,JBMETA_7_0_4,0
310,JBoss,JBMETA,JBMETA_7_0_5,0
311,JBoss,JBMETA,JBMETA_8_1_1,0
312,JBoss,JBMETA,JBMETA_7_1_1,0
313,JBoss,JBMETA,JBMETA_7_0_8,0
314,JBoss,JBMETA,JBMETA_8_0_0,0
315,JBoss,JBMETA,JBMETA_7_1_2,0
316,JBoss,JBMETA,JBMETA_7_2_0,0
317,JBoss,JBMETA,JBMETA_8_1_2,0
318,JBoss,JBMETA,JBMETA_7_0_3,0
319,JBoss,JBMETA,JBMETA_7_1_0,0
320,JBoss,JBMETA,JBMETA_10_0_0,0
321,JBoss,JBMETA,JBMETA_9_0_0,0
322,JBoss,JBMETA,JBMETA_7_0_6,0
323,JBoss,ENTESB,ENTESB_6_3_0,0
324,JBoss,ENTESB,ENTESB_6_2_0,0
325,JBoss,ENTESB,ENTESB_6_2_1,0
326,Spring,DATAREDIS,DATAREDIS_1_4_4,0
327,Spring,DATAREDIS,DATAREDIS_2_0_0,0
328,Spring,DATAREDIS,DATAREDIS_1_0_5,0
329,Spring,DATAREDIS,DATAREDIS_1_5_1,0
330,Spring,DATAREDIS,DATAREDIS_1_0_2,0
331,Spring,DATAREDIS,DATAREDIS_1_2_1,0
332,Spring,DATAREDIS,DATAREDIS_1_7_3,0
333,Spring,DATAREDIS,DATAREDIS_1_3_6,0
334,Spring,DATAREDIS,DATAREDIS_1_2_0,0
335,Spring,DATAREDIS,DATAREDIS_1_4_2,0
336,Spring,DATAREDIS,DATAREDIS_1_6_6,0
337,Spring,DATAREDIS,DATAREDIS_1_0_6,0
338,Spring,DATAREDIS,DATAREDIS_1_4_3,0
339,Spring,DATAREDIS,DATAREDIS_1_4_1,0
340,Spring,DATAREDIS,DATAREDIS_1_6_0,0
341,Spring,DATAREDIS,DATAREDIS_1_6_4,0
342,Spring,DATAREDIS,DATAREDIS_1_5_0,0
343,Spring,DATAREDIS,DATAREDIS_1_7_0,0
344,Spring,DATAREDIS,DATAREDIS_1_6_2,0
345,Spring,DATAREDIS,DATAREDIS_1_1_1,0
346,Spring,DATAREDIS,DATAREDIS_1_0_3,0
347,Spring,DATAREDIS,DATAREDIS_1_3_4,0
348,Spring,DATAREDIS,DATAREDIS_1_7_1,0
349,Spring,DATAREDIS,DATAREDIS_1_7_2,0
350,Spring,DATAREDIS,DATAREDIS_1_1_0,0
351,Spring,DATAREDIS,DATAREDIS_1_7_4,0
352,Spring,DATAREDIS,DATAREDIS_1_7_5,0
353,Spring,DATAREDIS,DATAREDIS_1_6_1,0
354,Spring,DATAREDIS,DATAREDIS_1_3_2,0
355,Spring,DATAREDIS,DATAREDIS_1_3_1,0
356,Spring,DATAREDIS,DATAREDIS_1_7_6,0
357,Spring,DATAREDIS,DATAREDIS_1_0_1,0
358,Spring,DATAREDIS,DATAREDIS_1_0_0,0
359,Spring,DATAREDIS,DATAREDIS_1_6_5,0
360,Spring,DATAREDIS,DATAREDIS_1_0_4,0
361,Spring,DATAREDIS,DATAREDIS_1_3_0,0
362,Spring,DATAREDIS,DATAREDIS_1_8_0,0
363,Spring,DATAREDIS,DATAREDIS_1_3_5,0
364,Spring,DATAREDIS,DATAREDIS_1_4_0,0
365,Spring,DATAREDIS,DATAREDIS_1_5_2,0
366,Spring,SEC,SEC_3_1_2,0
367,Spring,SEC,SEC_3_2_9,0
368,Spring,SEC,SEC_1_0_0,1
369,Spring,SEC,SEC_2_0_8,0
370,Spring,SEC,SEC_3_1_5,0
371,Spring,SEC,SEC_3_2_0,0
372,Spring,SEC,SEC_2_0_1,0
373,Spring,SEC,SEC_2_0_0,0
374,Spring,SEC,SEC_3_2_3,0
375,Spring,SEC,SEC_1_0_1,1
376,Spring,SEC,SEC_4_2_0,0
377,Spring,SEC,SEC_3_2_6,0
378,Spring,SEC,SEC_2_0_6,0
379,Spring,SEC,SEC_2_5_0,0
380,Spring,SEC,SEC_3_1_1,0
381,Spring,SEC,SEC_1_0_5,0
382,Spring,SEC,SEC_4_2_1,0
383,Spring,SEC,SEC_2_0_2,0
384,Spring,SEC,SEC_3_0_4,0
385,Spring,SEC,SEC_3_0_1,0
386,Spring,SEC,SEC_4_0_4,0
387,Spring,SEC,SEC_4_1_0,0
388,Spring,SEC,SEC_3_2_5,0
389,Spring,SEC,SEC_3_0_3,0
390,Spring,SEC,SEC_3_2_1,0
391,Spring,SEC,SEC_1_0_2,1
392,Spring,SEC,SEC_3_2_7,0
393,Spring,SEC,SEC_4_1_2,0
394,Spring,SEC,SEC_3_1_6,0
395,Spring,SEC,SEC_3_2_2,0
396,Spring,SEC,SEC_3_0_7,0
397,Spring,SEC,SEC_2_0_5,0
398,Spring,SEC,SEC_4_0_3,0
399,Spring,SEC,SEC_3_0_6,0
400,Spring,SEC,SEC_3_0_2,0
401,Spring,SEC,SEC_3_2_8,0
402,Spring,SEC,SEC_3_1_4,0
403,Spring,SEC,SEC_4_0_0,0
404,Spring,SEC,SEC_2_0_3,0
405,Spring,SEC,SEC_4_1_1,0
406,Spring,SEC,SEC_3_0_0,0
407,Spring,SEC,SEC_3_1_0,0
408,Spring,SEC,SEC_3_1_3,0
409,Spring,SEC,SEC_1_0_4,1
410,Spring,SEC,SEC_4_0_2,0
411,Spring,SEC,SEC_1_0_3,1
412,Spring,SEC,SEC_3_2_4,0
413,Spring,SEC,SEC_1_0_7,0
414,Spring,SEC,SEC_4_1_4,0
415,Spring,SEC,SEC_3_0_8,0
416,Spring,SEC,SEC_4_1_3,0
417,Spring,SEC,SEC_3_1_7,0
418,Spring,SEC,SEC_2_0_4,0
419,Spring,SEC,SEC_4_0_1,0
420,Spring,SEC,SEC_1_0_6,0
421,Spring,SEC,SEC_2_0_7,0
422,Spring,SEC,SEC_3_0_5,0
423,Spring,DATAJPA,DATAJPA_1_6_1,0
424,Spring,DATAJPA,DATAJPA_1_10_5,0
425,Spring,DATAJPA,DATAJPA_1_8_1,0
426,Spring,DATAJPA,DATAJPA_1_10_0,0
427,Spring,DATAJPA,DATAJPA_1_9_1,0
428,Spring,DATAJPA,DATAJPA_1_0_0,0
429,Spring,DATAJPA,DATAJPA_1_5_3,0
430,Spring,DATAJPA,DATAJPA_1_10_2,0
431,Spring,DATAJPA,DATAJPA_1_6_4,0
432,Spring,DATAJPA,DATAJPA_1_3_1,0
433,Spring,DATAJPA,DATAJPA_1_4_3,0
434,Spring,DATAJPA,DATAJPA_1_2_0,0
435,Spring,DATAJPA,DATAJPA_1_7_4,0
436,Spring,DATAJPA,DATAJPA_1_10_4,0
437,Spring,DATAJPA,DATAJPA_1_3_3,0
438,Spring,DATAJPA,DATAJPA_1_7_3,0
439,Spring,DATAJPA,DATAJPA_1_5_2,0
440,Spring,DATAJPA,DATAJPA_1_6_5,0
441,Spring,DATAJPA,DATAJPA_1_3_2,0
442,Spring,DATAJPA,DATAJPA_2_0_0,0
443,Spring,DATAJPA,DATAJPA_1_0_1,0
444,Spring,DATAJPA,DATAJPA_1_3_0,0
445,Spring,DATAJPA,DATAJPA_1_1_1,0
446,Spring,DATAJPA,DATAJPA_1_0_3,0
447,Spring,DATAJPA,DATAJPA_1_11_0,0
448,Spring,DATAJPA,DATAJPA_1_9_4,0
449,Spring,DATAJPA,DATAJPA_1_5_1,0
450,Spring,DATAJPA,DATAJPA_1_10_6,0
451,Spring,DATAJPA,DATAJPA_1_4_2,0
452,Spring,DATAJPA,DATAJPA_1_6_0,0
453,Spring,DATAJPA,DATAJPA_1_2_1,0
454,Spring,DATAJPA,DATAJPA_1_8_0,0
455,Spring,DATAJPA,DATAJPA_1_10_1,0
456,Spring,DATAJPA,DATAJPA_1_4_0,0
457,Spring,DATAJPA,DATAJPA_1_6_6,0
458,Spring,DATAJPA,DATAJPA_1_3_4,0
459,Spring,DATAJPA,DATAJPA_1_4_4,0
460,Spring,DATAJPA,DATAJPA_1_7_1,0
461,Spring,DATAJPA,DATAJPA_1_9_6,0
462,Spring,DATAJPA,DATAJPA_1_9_5,0
463,Spring,DATAJPA,DATAJPA_1_7_0,0
464,Spring,DATAJPA,DATAJPA_1_0_2,0
465,Spring,DATAJPA,DATAJPA_1_7_2,0
466,Spring,DATAJPA,DATAJPA_1_9_0,0
467,Spring,DATAJPA,DATAJPA_1_4_1,0
468,Spring,DATAJPA,DATAJPA_1_10_3,0
469,Spring,DATAJPA,DATAJPA_1_1_2,0
470,Spring,DATAJPA,DATAJPA_1_3_5,0
471,Spring,DATAJPA,DATAJPA_1_1_0,0
472,Spring,DATAJPA,DATAJPA_1_9_2,0
473,Spring,DATAJPA,DATAJPA_1_6_2,0
474,Spring,DATAJPA,DATAJPA_1_5_0,0
475,Spring,DATAJPA,DATAJPA_1_8_2,0
476,Spring,DATAJPA,DATAJPA_1_4_5,0
477,Spring,SPR,SPR_4_3_1,0
478,Spring,SPR,SPR_3_1_3,0
479,Spring,SPR,SPR_3_2_13,0
480,Spring,SPR,SPR_3_2_17,0
481,Spring,SPR,SPR_3_2_5,0
482,Spring,SPR,SPR_4_3_0,0
483,Spring,SPR,SPR_3_2_6,0
484,Spring,SPR,SPR_4_1_5,0
485,Spring,SPR,SPR_4_1_6,0
486,Spring,SPR,SPR_3_2_1,0
487,Spring,SPR,SPR_4_0_3,0
488,Spring,SPR,SPR_4_1_3,0
489,Spring,SPR,SPR_3_2_4,0
490,Spring,SPR,SPR_3_2_3,0
491,Spring,SPR,SPR_4_2_6,0
492,Spring,SPR,SPR_4_1_2,0
493,Spring,SPR,SPR_3_2_15,0
494,Spring,SPR,SPR_3_2_7,0
495,Spring,SPR,SPR_4_3_5,0
496,Spring,SPR,SPR_3_1_1,0
497,Spring,SPR,SPR_4_1_8,0
498,Spring,SPR,SPR_4_1_9,0
499,Spring,SPR,SPR_3_2_14,0
500,Spring,SPR,SPR_3_0_3,0
501,Spring,SPR,SPR_4_1_0,0
502,Spring,SPR,SPR_3_0_0,0
503,Spring,SPR,SPR_3_2_18,0
504,Spring,SPR,SPR_3_0_2,0
505,Spring,SPR,SPR_3_2_10,0
506,Spring,SPR,SPR_4_2_4,0
507,Spring,SPR,SPR_4_2_9,0
508,Spring,SPR,SPR_3_2_9,0
509,Spring,SPR,SPR_3_0_4,0
510,Spring,SPR,SPR_4_0_1,0
511,Spring,SPR,SPR_3_2_2,0
512,Spring,SPR,SPR_3_2_16,0
513,Spring,SPR,SPR_4_2_3,0
514,Spring,SPR,SPR_4_0_6,0
515,Spring,SPR,SPR_3_2_0,0
516,Spring,SPR,SPR_4_2_1,0
517,Spring,SPR,SPR_4_1_1,0
518,Spring,SPR,SPR_4_2_8,0
519,Spring,SPR,SPR_4_0_9,0
520,Spring,SPR,SPR_4_3_2,0
521,Spring,SPR,SPR_4_3_4,0
522,Spring,SPR,SPR_4_0_2,0
523,Spring,SPR,SPR_4_0_5,0
524,Spring,SPR,SPR_3_1_4,0
525,Spring,SPR,SPR_3_0_6,0
526,Spring,SPR,SPR_3_1_0,0
527,Spring,SPR,SPR_5_0_0,0
528,Spring,SPR,SPR_4_2_2,0
529,Spring,SPR,SPR_4_0_7,0
530,Spring,SPR,SPR_3_0_7,0
531,Spring,SPR,SPR_4_1_7,0
532,Spring,SPR,SPR_4_2_7,0
533,Spring,SPR,SPR_4_3_3,0
534,Spring,SPR,SPR_4_0_0,0
535,Spring,SPR,SPR_4_1_4,0
536,Spring,SPR,SPR_4_0_4,0
537,Spring,SPR,SPR_4_2_0,0
538,Spring,SPR,SPR_3_2_8,0
539,Spring,SPR,SPR_3_0_1,0
540,Spring,SPR,SPR_3_2_11,0
541,Spring,SPR,SPR_4_2_5,0
542,Spring,SPR,SPR_3_0_5,0
543,Spring,SPR,SPR_3_1_2,0
544,Spring,SPR,SPR_3_2_12,0
545,Spring,SPR,SPR_4_0_8,0
546,Spring,SHDP,SHDP_2_1_2,0
547,Spring,SHDP,SHDP_2_0_1,0
548,Spring,SHDP,SHDP_1_0_2,0
549,Spring,SHDP,SHDP_1_0_0,0
550,Spring,SHDP,SHDP_2_0_4,0
551,Spring,SHDP,SHDP_2_2_1,0
552,Spring,SHDP,SHDP_1_1_0,0
553,Spring,SHDP,SHDP_2_1_1,0
554,Spring,SHDP,SHDP_2_4_0,0
555,Spring,SHDP,SHDP_2_3_0,0
556,Spring,SHDP,SHDP_2_0_2,0
557,Spring,SHDP,SHDP_2_0_0,0
558,Spring,SHDP,SHDP_0_9_0,0
559,Spring,SHDP,SHDP_2_5_0,0
560,Spring,SHDP,SHDP_2_0_3,0
561,Spring,SHDP,SHDP_1_0_1,0
562,Spring,SHDP,SHDP_2_2_0,0
563,Spring,SHDP,SHDP_2_1_0,0
564,Spring,SGF,SGF_1_3_4,0
565,Spring,SGF,SGF_1_8_6,0
566,Spring,SGF,SGF_1_6_0,0
567,Spring,SGF,SGF_1_3_3,0
568,Spring,SGF,SGF_1_8_2,0
569,Spring,SGF,SGF_1_6_1,0
570,Spring,SGF,SGF_1_2_1,0
571,Spring,SGF,SGF_1_1_0,0
572,Spring,SGF,SGF_1_1_2,0
573,Spring,SGF,SGF_1_6_2,0
574,Spring,SGF,SGF_1_4_4,0
575,Spring,SGF,SGF_1_8_5,0
576,Spring,SGF,SGF_1_0_1,1
577,Spring,SGF,SGF_1_2_2,0
578,Spring,SGF,SGF_1_4_0,0
579,Spring,SGF,SGF_1_5_1,0
580,Spring,SGF,SGF_1_7_2,0
581,Spring,SGF,SGF_1_7_1,0
582,Spring,SGF,SGF_1_2_0,0
583,Spring,SGF,SGF_1_4_5,0
584,Spring,SGF,SGF_1_5_3,0
585,Spring,SGF,SGF_1_9_0,0
586,Spring,SGF,SGF_1_8_4,0
587,Spring,SGF,SGF_1_5_2,0
588,Spring,SGF,SGF_1_3_2,0
589,Spring,SGF,SGF_1_8_1,0
590,Spring,SGF,SGF_1_8_0,0
591,Spring,SGF,SGF_1_7_4,0
592,Spring,SGF,SGF_1_5_0,0
593,Spring,SGF,SGF_1_1_1,0
594,Spring,SGF,SGF_1_4_1,0
595,Spring,SGF,SGF_1_7_6,0
596,Spring,SGF,SGF_1_8_3,0
597,Spring,SGF,SGF_1_3_1,0
598,Spring,SGF,SGF_1_5_4,0
599,Spring,SGF,SGF_1_7_5,0
600,Spring,SGF,SGF_1_7_0,0
601,Spring,SGF,SGF_1_4_2,0
602,Spring,SGF,SGF_1_4_6,0
603,Spring,SGF,SGF_1_0_0,1
604,Spring,SGF,SGF_2_0_0,0
605,Spring,SWF,SWF_2_1_0,0
606,Spring,SWF,SWF_2_0_1,0
607,Spring,SWF,SWF_2_0_8,0
608,Spring,SWF,SWF_2_3_0,0
609,Spring,SWF,SWF_2_0_3,0
610,Spring,SWF,SWF_2_3_1,0
611,Spring,SWF,SWF_1_0_4,0
612,Spring,SWF,SWF_2_0_9,0
613,Spring,SWF,SWF_2_4_2,0
614,Spring,SWF,SWF_2_2_0,0
615,Spring,SWF,SWF_2_3_3,0
616,Spring,SWF,SWF_2_0_0,0
617,Spring,SWF,SWF_1_0_2,0
618,Spring,SWF,SWF_2_0_4,0
619,Spring,SWF,SWF_2_0_2,0
620,Spring,SWF,SWF_2_0_6,0
621,Spring,SWF,SWF_1_0_1,0
622,Spring,SWF,SWF_2_3_4,0
623,Spring,SWF,SWF_2_0_7,0
624,Spring,SWF,SWF_1_0_5,0
625,Spring,SWF,SWF_2_4_4,0
626,Spring,SWF,SWF_2_1_1,0
627,Spring,SWF,SWF_2_2_1,0
628,Spring,SWF,SWF_2_4_1,0
629,Spring,SWF,SWF_1_0_3,0
630,Spring,SWF,SWF_2_4_0,0
631,Spring,SWF,SWF_2_0_5,0
632,Spring,DATAREST,DATAREST_2_5_0,0
633,Spring,DATAREST,DATAREST_2_2_0,0
634,Spring,DATAREST,DATAREST_3_0_0,0
635,Spring,DATAREST,DATAREST_2_1_4,0
636,Spring,DATAREST,DATAREST_2_4_4,0
637,Spring,DATAREST,DATAREST_2_1_2,0
638,Spring,DATAREST,DATAREST_2_5_3,0
639,Spring,DATAREST,DATAREST_2_5_4,0
640,Spring,DATAREST,DATAREST_2_0_0,0
641,Spring,DATAREST,DATAREST_2_5_6,0
642,Spring,DATAREST,DATAREST_2_0_3,0
643,Spring,DATAREST,DATAREST_2_1_5,0
644,Spring,DATAREST,DATAREST_2_2_2,0
645,Spring,DATAREST,DATAREST_2_1_0,0
646,Spring,DATAREST,DATAREST_2_6_0,0
647,Spring,DATAREST,DATAREST_2_4_2,0
648,Spring,DATAREST,DATAREST_2_4_5,0
649,Spring,DATAREST,DATAREST_1_0_0,0
650,Spring,DATAREST,DATAREST_2_1_1,0
651,Spring,DATAREST,DATAREST_2_4_0,0
652,Spring,DATAREST,DATAREST_2_0_2,0
653,Spring,DATAREST,DATAREST_2_3_2,0
654,Spring,DATAREST,DATAREST_2_5_1,0
655,Spring,DATAREST,DATAREST_2_2_3,0
656,Spring,DATAREST,DATAREST_2_0_1,0
657,Spring,DATAREST,DATAREST_2_2_4,0
658,Spring,DATAREST,DATAREST_2_4_1,0
659,Spring,DATAREST,DATAREST_2_2_1,0
660,Spring,DATAREST,DATAREST_2_5_2,0
661,Spring,DATAREST,DATAREST_2_3_1,0
662,Spring,DATAREST,DATAREST_1_1_0,0
663,Spring,DATAREST,DATAREST_2_1_6,0
664,Spring,DATAREST,DATAREST_2_3_0,0
665,Spring,DATAREST,DATAREST_2_5_5,0
666,Spring,DATAREST,DATAREST_2_4_6,0
667,Spring,SHL,SHL_1_1_0,0
668,Spring,SHL,SHL_1_2_0,0
669,Spring,SHL,SHL_1_0_0,0
670,Spring,DATACMNS,DATACMNS_1_12_0,0
671,Spring,DATACMNS,DATACMNS_1_9_4,0
672,Spring,DATACMNS,DATACMNS_1_12_2,0
673,Spring,DATACMNS,DATACMNS_1_8_1,0
674,Spring,DATACMNS,DATACMNS_1_9_2,0
675,Spring,DATACMNS,DATACMNS_1_11_0,0
676,Spring,DATACMNS,DATACMNS_1_4_1,0
677,Spring,DATACMNS,DATACMNS_1_7_1,0
678,Spring,DATACMNS,DATACMNS_1_12_1,0
679,Spring,DATACMNS,DATACMNS_1_10_2,0
680,Spring,DATACMNS,DATACMNS_1_7_3,0
681,Spring,DATACMNS,DATACMNS_1_8_4,0
682,Spring,DATACMNS,DATACMNS_1_6_0,0
683,Spring,DATACMNS,DATACMNS_1_8_6,0
684,Spring,DATACMNS,DATACMNS_1_5_1,0
685,Spring,DATACMNS,DATACMNS_1_3_0,0
686,Spring,DATACMNS,DATACMNS_1_3_2,0
687,Spring,DATACMNS,DATACMNS_1_12_4,0
688,Spring,DATACMNS,DATACMNS_1_5_0,0
689,Spring,DATACMNS,DATACMNS_1_11_5,0
690,Spring,DATACMNS,DATACMNS_1_3_1,0
691,Spring,DATACMNS,DATACMNS_1_2_1,1
692,Spring,DATACMNS,DATACMNS_1_2_0,1
693,Spring,DATACMNS,DATACMNS_1_11_2,0
694,Spring,DATACMNS,DATACMNS_1_7_0,0
695,Spring,DATACMNS,DATACMNS_1_11_6,0
696,Spring,DATACMNS,DATACMNS_1_5_2,0
697,Spring,DATACMNS,DATACMNS_1_6_3,0
698,Spring,DATACMNS,DATACMNS_1_12_5,0
699,Spring,DATACMNS,DATACMNS_2_0_0,0
700,Spring,DATACMNS,DATACMNS_1_6_2,0
701,Spring,DATACMNS,DATACMNS_1_6_5,0
702,Spring,DATACMNS,DATACMNS_1_9_1,0
703,Spring,DATACMNS,DATACMNS_1_8_5,0
704,Spring,DATACMNS,DATACMNS_1_11_1,0
705,Spring,DATACMNS,DATACMNS_1_6_1,0
706,Spring,DATACMNS,DATACMNS_1_6_4,0
707,Spring,DATACMNS,DATACMNS_1_11_4,0
708,Spring,DATACMNS,DATACMNS_1_12_6,0
709,Spring,DATACMNS,DATACMNS_1_10_0,0
710,Spring,DATACMNS,DATACMNS_1_7_2,0
711,Spring,DATACMNS,DATACMNS_1_8_0,0
712,Spring,DATACMNS,DATACMNS_1_10_1,0
713,Spring,DATACMNS,DATACMNS_1_12_3,0
714,Spring,DATACMNS,DATACMNS_1_8_2,0
715,Spring,DATACMNS,DATACMNS_1_1_0,1
716,Spring,DATACMNS,DATACMNS_1_9_0,0
717,Spring,DATACMNS,DATACMNS_1_9_3,0
718,Spring,DATACMNS,DATACMNS_1_5_3,0
719,Spring,DATACMNS,DATACMNS_1_13_0,0
720,Spring,DATACMNS,DATACMNS_1_0_0,1
721,Spring,DATACMNS,DATACMNS_1_4_0,0
722,Spring,ANDROID,ANDROID_1_0_1,0
723,Spring,ANDROID,ANDROID_1_0_0,0
724,Spring,ANDROID,ANDROID_2_0_0,0
725,Spring,SECOAUTH,SECOAUTH_2_0_12,0
726,Spring,SECOAUTH,SECOAUTH_2_0_11,0
727,Spring,SECOAUTH,SECOAUTH_2_0_5,0
728,Spring,SECOAUTH,SECOAUTH_1_0_3,0
729,Spring,SECOAUTH,SECOAUTH_2_0_7,0
730,Spring,SECOAUTH,SECOAUTH_1_0_4,0
731,Spring,SECOAUTH,SECOAUTH_2_0_2,0
732,Spring,SECOAUTH,SECOAUTH_2_0_10,0
733,Spring,SECOAUTH,SECOAUTH_2_0_4,0
734,Spring,SECOAUTH,SECOAUTH_2_0_1,0
735,Spring,SECOAUTH,SECOAUTH_2_0_0,0
736,Spring,SECOAUTH,SECOAUTH_1_0_2,0
737,Spring,SECOAUTH,SECOAUTH_1_0_0,0
738,Spring,SECOAUTH,SECOAUTH_1_0_1,0
739,Spring,SECOAUTH,SECOAUTH_2_0_8,0
740,Spring,SECOAUTH,SECOAUTH_2_0_9,0
741,Spring,SECOAUTH,SECOAUTH_2_0_3,0
742,Spring,SECOAUTH,SECOAUTH_2_0_6,0
743,Spring,SECOAUTH,SECOAUTH_1_0_5,0
744,Spring,SOCIALLI,SOCIALLI_2_0_0,0
745,Spring,SOCIALLI,SOCIALLI_1_0_1,0
746,Spring,SOCIALLI,SOCIALLI_1_0_0,0
747,Spring,SOCIALLI,SOCIALLI_1_0_2,0
748,Spring,AMQP,AMQP_1_4_1,0
749,Spring,AMQP,AMQP_1_2_1,0
750,Spring,AMQP,AMQP_1_1_2,0
751,Spring,AMQP,AMQP_1_6_1,0
752,Spring,AMQP,AMQP_1_3_0,0
753,Spring,AMQP,AMQP_1_3_3,0
754,Spring,AMQP,AMQP_1_3_7,0
755,Spring,AMQP,AMQP_1_3_4,0
756,Spring,AMQP,AMQP_1_4_3,0
757,Spring,AMQP,AMQP_1_3_2,0
758,Spring,AMQP,AMQP_1_3_9,0
759,Spring,AMQP,AMQP_1_0_0,0
760,Spring,AMQP,AMQP_1_3_8,0
761,Spring,AMQP,AMQP_1_6_6,0
762,Spring,AMQP,AMQP_1_4_6,0
763,Spring,AMQP,AMQP_1_6_0,0
764,Spring,AMQP,AMQP_1_6_5,0
765,Spring,AMQP,AMQP_1_6_2,0
766,Spring,AMQP,AMQP_1_1_3,0
767,Spring,AMQP,AMQP_2_0_0,0
768,Spring,AMQP,AMQP_1_5_6,0
769,Spring,AMQP,AMQP_1_3_1,0
770,Spring,AMQP,AMQP_1_5_0,0
771,Spring,AMQP,AMQP_1_6_4,0
772,Spring,AMQP,AMQP_1_6_3,0
773,Spring,AMQP,AMQP_1_3_5,0
774,Spring,AMQP,AMQP_1_3_6,0
775,Spring,AMQP,AMQP_1_1_0,0
776,Spring,AMQP,AMQP_1_2_0,0
777,Spring,AMQP,AMQP_1_5_3,0
778,Spring,AMQP,AMQP_1_1_1,0
779,Spring,AMQP,AMQP_1_4_4,0
780,Spring,AMQP,AMQP_1_5_5,0
781,Spring,AMQP,AMQP_1_2_2,0
782,Spring,AMQP,AMQP_1_5_4,0
783,Spring,AMQP,AMQP_1_5_2,0
784,Spring,AMQP,AMQP_1_4_2,0
785,Spring,AMQP,AMQP_1_4_5,0
786,Spring,AMQP,AMQP_1_4_0,0
787,Spring,AMQP,AMQP_1_1_4,0
788,Spring,AMQP,AMQP_1_5_1,0
789,Spring,MOBILE,MOBILE_1_0_1,0
790,Spring,MOBILE,MOBILE_1_1_3,0
791,Spring,MOBILE,MOBILE_1_1_0,0
792,Spring,MOBILE,MOBILE_1_1_2,0
793,Spring,MOBILE,MOBILE_1_0_0,0
794,Spring,MOBILE,MOBILE_1_0_2,0
795,Spring,MOBILE,MOBILE_1_1_5,0
796,Spring,MOBILE,MOBILE_1_1_4,0
797,Spring,MOBILE,MOBILE_1_1_1,0
798,Spring,DATAMONGO,DATAMONGO_1_2_3,0
799,Spring,DATAMONGO,DATAMONGO_1_1_0,0
800,Spring,DATAMONGO,DATAMONGO_1_3_4,0
801,Spring,DATAMONGO,DATAMONGO_1_3_0,0
802,Spring,DATAMONGO,DATAMONGO_1_1_2,0
803,Spring,DATAMONGO,DATAMONGO_1_5_4,0
804,Spring,DATAMONGO,DATAMONGO_1_0_1,0
805,Spring,DATAMONGO,DATAMONGO_1_5_0,0
806,Spring,DATAMONGO,DATAMONGO_1_7_2,0
807,Spring,DATAMONGO,DATAMONGO_1_8_4,0
808,Spring,DATAMONGO,DATAMONGO_1_4_3,0
809,Spring,DATAMONGO,DATAMONGO_1_6_0,0
810,Spring,DATAMONGO,DATAMONGO_1_6_3,0
811,Spring,DATAMONGO,DATAMONGO_1_3_5,0
812,Spring,DATAMONGO,DATAMONGO_1_6_2,0
813,Spring,DATAMONGO,DATAMONGO_1_8_0,0
814,Spring,DATAMONGO,DATAMONGO_1_8_1,0
815,Spring,DATAMONGO,DATAMONGO_1_6_1,0
816,Spring,DATAMONGO,DATAMONGO_1_10_0,0
817,Spring,DATAMONGO,DATAMONGO_1_9_4,0
818,Spring,DATAMONGO,DATAMONGO_1_9_1,0
819,Spring,DATAMONGO,DATAMONGO_1_9_0,0
820,Spring,DATAMONGO,DATAMONGO_1_9_5,0
821,Spring,DATAMONGO,DATAMONGO_1_7_1,0
822,Spring,DATAMONGO,DATAMONGO_1_3_2,0
823,Spring,DATAMONGO,DATAMONGO_1_2_0,0
824,Spring,DATAMONGO,DATAMONGO_1_4_0,0
825,Spring,DATAMONGO,DATAMONGO_1_3_1,0
826,Spring,DATAMONGO,DATAMONGO_1_8_6,0
827,Spring,DATAMONGO,DATAMONGO_1_5_1,0
828,Spring,DATAMONGO,DATAMONGO_1_0_2,0
829,Spring,DATAMONGO,DATAMONGO_1_3_3,0
830,Spring,DATAMONGO,DATAMONGO_1_5_2,0
831,Spring,DATAMONGO,DATAMONGO_1_2_1,0
832,Spring,DATAMONGO,DATAMONGO_1_4_2,0
833,Spring,DATAMONGO,DATAMONGO_1_9_3,0
834,Spring,DATAMONGO,DATAMONGO_1_2_2,0
835,Spring,DATAMONGO,DATAMONGO_1_2_4,0
836,Spring,DATAMONGO,DATAMONGO_1_8_5,0
837,Spring,DATAMONGO,DATAMONGO_1_8_2,0
838,Spring,DATAMONGO,DATAMONGO_1_0_0,0
839,Spring,DATAMONGO,DATAMONGO_1_9_6,0
840,Spring,DATAMONGO,DATAMONGO_1_9_2,0
841,Spring,DATAMONGO,DATAMONGO_1_0_3,0
842,Spring,DATAMONGO,DATAMONGO_2_0_0,0
843,Spring,DATAMONGO,DATAMONGO_1_4_1,0
844,Spring,DATAMONGO,DATAMONGO_1_0_4,0
845,Spring,DATAMONGO,DATAMONGO_1_5_6,0
846,Spring,DATAMONGO,DATAMONGO_1_7_0,0
847,Spring,DATAMONGO,DATAMONGO_1_1_1,0
848,Spring,DATAMONGO,DATAMONGO_1_5_5,0
849,Spring,DATAMONGO,DATAMONGO_1_6_4,0
850,Spring,ROO,ROO_1_0_0,0
851,Spring,ROO,ROO_1_1_1,0
852,Spring,ROO,ROO_1_1_4,0
853,Spring,ROO,ROO_1_1_3,0
854,Spring,ROO,ROO_1_3_2,0
855,Spring,ROO,ROO_1_2_3,0
856,Spring,ROO,ROO_1_1_0,0
857,Spring,ROO,ROO_1_0_1,0
858,Spring,ROO,ROO_1_2_0,0
859,Spring,ROO,ROO_1_3_1,0
860,Spring,ROO,ROO_1_1_5,0
861,Spring,ROO,ROO_1_2_4,0
862,Spring,ROO,ROO_1_1_2,0
863,Spring,ROO,ROO_2_0_0,0
864,Spring,ROO,ROO_1_0_2,0
865,Spring,ROO,ROO_1_3_0,0
866,Spring,ROO,ROO_1_2_5,0
867,Spring,ROO,ROO_1_2_2,0
868,Spring,ROO,ROO_1_2_1,0
869,Spring,SOCIALTW,SOCIALTW_1_1_1,0
870,Spring,SOCIALTW,SOCIALTW_1_1_2,0
871,Spring,SOCIALTW,SOCIALTW_1_0_4,0
872,Spring,SOCIALTW,SOCIALTW_2_0_0,0
873,Spring,SOCIALTW,SOCIALTW_1_0_0,0
874,Spring,SOCIALTW,SOCIALTW_1_0_3,0
875,Spring,SOCIALTW,SOCIALTW_1_0_2,0
876,Spring,SOCIALTW,SOCIALTW_1_0_5,0
877,Spring,SOCIALTW,SOCIALTW_1_0_1,0
878,Spring,SOCIALTW,SOCIALTW_1_1_0,0
879,Spring,BATCH,BATCH_3_0_6,0
880,Spring,BATCH,BATCH_2_0_5,0
881,Spring,BATCH,BATCH_2_1_0,0
882,Spring,BATCH,BATCH_1_1_2,0
883,Spring,BATCH,BATCH_2_1_9,0
884,Spring,BATCH,BATCH_2_1_1,0
885,Spring,BATCH,BATCH_2_1_8,0
886,Spring,BATCH,BATCH_3_0_2,0
887,Spring,BATCH,BATCH_3_0_1,0
888,Spring,BATCH,BATCH_1_1_4,0
889,Spring,BATCH,BATCH_2_0_3,0
890,Spring,BATCH,BATCH_2_0_1,0
891,Spring,BATCH,BATCH_3_0_7,0
892,Spring,BATCH,BATCH_1_0_0,0
893,Spring,BATCH,BATCH_2_1_6,0
894,Spring,BATCH,BATCH_2_1_3,0
895,Spring,BATCH,BATCH_2_0_2,0
896,Spring,BATCH,BATCH_2_2_7,0
897,Spring,BATCH,BATCH_2_2_4,0
898,Spring,BATCH,BATCH_1_1_1,0
899,Spring,BATCH,BATCH_2_0_0,0
900,Spring,BATCH,BATCH_1_1_3,0
901,Spring,BATCH,BATCH_3_0_0,0
902,Spring,BATCH,BATCH_1_0_2,0
903,Spring,BATCH,BATCH_3_0_4,0
904,Spring,BATCH,BATCH_2_1_4,0
905,Spring,BATCH,BATCH_2_2_1,0
906,Spring,BATCH,BATCH_3_0_5,0
907,Spring,BATCH,BATCH_2_2_2,0
908,Spring,BATCH,BATCH_1_0_1,0
909,Spring,BATCH,BATCH_2_2_0,0
910,Spring,BATCH,BATCH_2_2_6,0
911,Spring,BATCH,BATCH_2_2_3,0
912,Spring,BATCH,BATCH_2_2_5,0
913,Spring,BATCH,BATCH_2_1_7,0
914,Spring,BATCH,BATCH_1_1_0,0
915,Spring,BATCH,BATCH_2_0_4,0
916,Spring,BATCH,BATCH_2_1_5,0
917,Spring,BATCH,BATCH_2_1_2,0
918,Spring,BATCH,BATCH_3_0_3,0
919,Spring,SOCIAL,SOCIAL_1_1_2,0
920,Spring,SOCIAL,SOCIAL_1_0_3,0
921,Spring,SOCIAL,SOCIAL_1_0_1,0
922,Spring,SOCIAL,SOCIAL_2_0_0,0
923,Spring,SOCIAL,SOCIAL_1_1_1,0
924,Spring,SOCIAL,SOCIAL_1_1_0,0
925,Spring,SOCIAL,SOCIAL_1_1_3,0
926,Spring,SOCIAL,SOCIAL_1_0_0,0
927,Spring,SOCIAL,SOCIAL_1_1_4,0
928,Spring,SOCIAL,SOCIAL_1_0_2,0
929,Spring,LDAP,LDAP_2_0_3,0
930,Spring,LDAP,LDAP_2_1_0,0
931,Spring,LDAP,LDAP_2_0_0,0
932,Spring,LDAP,LDAP_2_0_2,0
933,Spring,LDAP,LDAP_1_3_2,0
934,Spring,LDAP,LDAP_2_2_0,0
935,Spring,LDAP,LDAP_2_3_0,0
936,Spring,LDAP,LDAP_2_0_1,0
937,Spring,LDAP,LDAP_2_0_4,0
938,Spring,DATAGRAPH,DATAGRAPH_2_2_1,0
939,Spring,DATAGRAPH,DATAGRAPH_4_0_0,0
940,Spring,DATAGRAPH,DATAGRAPH_3_1_4,0
941,Spring,DATAGRAPH,DATAGRAPH_2_0_0,0
942,Spring,DATAGRAPH,DATAGRAPH_4_1_3,0
943,Spring,DATAGRAPH,DATAGRAPH_1_1_0,0
944,Spring,DATAGRAPH,DATAGRAPH_3_2_1,0
945,Spring,DATAGRAPH,DATAGRAPH_4_1_2,0
946,Spring,DATAGRAPH,DATAGRAPH_3_4_6,0
947,Spring,DATAGRAPH,DATAGRAPH_3_3_2,0
948,Spring,DATAGRAPH,DATAGRAPH_5_0_0,0
949,Spring,DATAGRAPH,DATAGRAPH_2_2_0,0
950,Spring,DATAGRAPH,DATAGRAPH_3_0_3,0
951,Spring,DATAGRAPH,DATAGRAPH_2_3_5,0
952,Spring,DATAGRAPH,DATAGRAPH_2_0_1,0
953,Spring,DATAGRAPH,DATAGRAPH_3_2_0,0
954,Spring,DATAGRAPH,DATAGRAPH_2_3_3,0
955,Spring,DATAGRAPH,DATAGRAPH_2_1_0,0
956,Spring,DATAGRAPH,DATAGRAPH_3_1_5,0
957,Spring,DATAGRAPH,DATAGRAPH_3_4_4,0
958,Spring,DATAGRAPH,DATAGRAPH_3_1_6,0
959,Spring,DATAGRAPH,DATAGRAPH_4_1_6,0
960,Spring,DATAGRAPH,DATAGRAPH_3_0_2,0
961,Spring,DATAGRAPH,DATAGRAPH_2_3_1,0
962,Spring,DATAGRAPH,DATAGRAPH_2_2_3,0
963,Spring,DATAGRAPH,DATAGRAPH_3_2_3,0
964,Spring,DATAGRAPH,DATAGRAPH_3_1_1,0
965,Spring,DATAGRAPH,DATAGRAPH_3_3_0,0
966,Spring,DATAGRAPH,DATAGRAPH_3_0_1,0
967,Spring,DATAGRAPH,DATAGRAPH_4_2_0,0
968,Spring,DATAGRAPH,DATAGRAPH_1_0_0,0
969,Spring,DATAGRAPH,DATAGRAPH_3_4_1,0
970,Spring,DATAGRAPH,DATAGRAPH_3_1_0,0
971,Spring,DATAGRAPH,DATAGRAPH_3_3_1,0
972,Spring,DATAGRAPH,DATAGRAPH_3_4_2,0
973,Spring,DATAGRAPH,DATAGRAPH_2_3_0,0
974,Spring,DATAGRAPH,DATAGRAPH_2_3_2,0
975,Spring,DATAGRAPH,DATAGRAPH_3_2_4,0
976,Spring,DATAGRAPH,DATAGRAPH_2_3_4,0
977,Spring,DATAGRAPH,DATAGRAPH_3_0_0,0
978,Spring,DATAGRAPH,DATAGRAPH_3_1_2,0
979,Spring,DATAGRAPH,DATAGRAPH_4_1_4,0
980,Spring,DATAGRAPH,DATAGRAPH_2_2_2,0
981,Spring,DATAGRAPH,DATAGRAPH_4_1_1,0
982,Spring,DATAGRAPH,DATAGRAPH_3_4_5,0
983,Spring,DATAGRAPH,DATAGRAPH_4_1_0,0
984,Spring,DATAGRAPH,DATAGRAPH_3_2_2,0
985,Spring,DATAGRAPH,DATAGRAPH_4_1_5,0
986,Spring,DATAGRAPH,DATAGRAPH_3_4_0,0
987,Spring,SWS,SWS_1_5_3,0
988,Spring,SWS,SWS_1_5_2,0
989,Spring,SWS,SWS_2_2_2,0
990,Spring,SWS,SWS_2_2_1,0
991,Spring,SWS,SWS_2_0_5,0
992,Spring,SWS,SWS_2_0_4,0
993,Spring,SWS,SWS_2_3_0,0
994,Spring,SWS,SWS_2_3_1,0
995,Spring,SWS,SWS_2_1_3,0
996,Spring,SWS,SWS_2_0_3,0
997,Spring,SWS,SWS_2_1_2,0
998,Spring,SWS,SWS_1_5_4,0
999,Spring,SWS,SWS_1_5_10,0
1000,Spring,SWS,SWS_1_5_7,0
1001,Spring,SWS,SWS_1_0_3,0
1002,Spring,SWS,SWS_1_5_1,0
1003,Spring,SWS,SWS_1_5_5,0
1004,Spring,SWS,SWS_0_9,0
1005,Spring,SWS,SWS_1_0_0,0
1006,Spring,SWS,SWS_2_1_0,0
1007,Spring,SWS,SWS_1_0_2,0
1008,Spring,SWS,SWS_2_0_2,0
1009,Spring,SWS,SWS_2_0_0,0
1010,Spring,SWS,SWS_1_5_6,0
1011,Spring,SWS,SWS_1_0_1,0
1012,Spring,SWS,SWS_2_1_1,0
1013,Spring,SWS,SWS_2_4_0,0
1014,Spring,SWS,SWS_1_0_4,0
1015,Spring,SWS,SWS_2_0_1,0
1016,Spring,SWS,SWS_1_5_9,0
1017,Spring,SWS,SWS_0_9_1,0
1018,Spring,SWS,SWS_1_5_0,0
1019,Spring,SWS,SWS_1_5_8,0
1020,Spring,SWS,SWS_2_2_0,0
1021,Spring,SWS,SWS_2_2_4,0
1022,Spring,SWS,SWS_2_1_4,0
1023,Spring,SWS,SWS_2_2_3,0
1024,Spring,SOCIALFB,SOCIALFB_3_0_0,0
1025,Spring,SOCIALFB,SOCIALFB_1_1_0,0
1026,Spring,SOCIALFB,SOCIALFB_1_1_1,0
1027,Spring,SOCIALFB,SOCIALFB_2_0_1,0
1028,Spring,SOCIALFB,SOCIALFB_1_0_1,0
1029,Spring,SOCIALFB,SOCIALFB_2_0_2,0
1030,Spring,SOCIALFB,SOCIALFB_2_0_3,0
1031,Spring,SOCIALFB,SOCIALFB_1_0_2,0
1032,Spring,SOCIALFB,SOCIALFB_1_0_0,0
1033,Spring,SOCIALFB,SOCIALFB_1_0_3,0
1034,Spring,SOCIALFB,SOCIALFB_2_0_0,0
1035,Spring,BATCHADM,BATCHADM_1_2_1,0
1036,Spring,BATCHADM,BATCHADM_1_0_0,0
1037,Spring,BATCHADM,BATCHADM_2_0_0,0
1038,Spring,BATCHADM,BATCHADM_1_2_0,0
1039,Spring,BATCHADM,BATCHADM_1_3_1,0
1040,Spring,BATCHADM,BATCHADM_1_3_0,0
1041,Wildfly,SWARM,SWARM_1_0_1,0
1042,Wildfly,SWARM,SWARM_2016_8,0
1043,Wildfly,SWARM,SWARM_2016_10_0,0
1044,Wildfly,SWARM,SWARM_1_0_0,0
1045,Wildfly,SWARM,SWARM_2016_9,0
1046,Wildfly,SWARM,SWARM_2016_12_0,0
1047,Wildfly,SWARM,SWARM_2016_8_1,0
1048,Wildfly,SWARM,SWARM_1_0_2,0
1049,Wildfly,SWARM,SWARM_2016_11_0,0
1050,Wildfly,ELY,ELY_1_0_2,0
1051,Wildfly,ELY,ELY_1_0_3,0
1052,Wildfly,ELY,ELY_1_1_0_,0
1053,Wildfly,ELY,ELY_1_0_0,0
1054,Wildfly,ELY,ELY_1_0_1,0
1055,Wildfly,WFARQ,WFARQ_1_0_1,0
1056,Wildfly,WFARQ,WFARQ_1_0_2,0
1057,Wildfly,WFARQ,WFARQ_1_0_0,0
1058,Wildfly,WFARQ,WFARQ_2_0_0_,0
1059,Wildfly,WFARQ,WFARQ_1_1_0,0
1060,Wildfly,WFLY,WFLY_8_2_0,0
1061,Wildfly,WFLY,WFLY_9_0_0,0
1062,Wildfly,WFLY,WFLY_9_0_1,0
1063,Wildfly,WFLY,WFLY_8_2_1,0
1064,Wildfly,WFLY,WFLY_7_0_0,0
1065,Wildfly,WFLY,WFLY_7_1_0,0
1066,Wildfly,WFLY,WFLY_7_1_3,0
1067,Wildfly,WFLY,WFLY_7_0_2,0
1068,Wildfly,WFLY,WFLY_8_1_0,0
1069,Wildfly,WFLY,WFLY_9_0_2,0
1070,Wildfly,WFLY,WFLY_7_2_0,0
1071,Wildfly,WFLY,WFLY_7_1_2,0
1072,Wildfly,WFLY,WFLY_10_0_0,0
1073,Wildfly,WFLY,WFLY_7_0_1,0
1074,Wildfly,WFLY,WFLY_10_1_0,0
1075,Wildfly,WFLY,WFLY_7_1_1,0
1076,Wildfly,WFLY,WFLY_8_0_0,0
1077,Wildfly,WFMP,WFMP_1_1_0,0
1078,Wildfly,WFMP,WFMP_1_0_1,0
1079,Wildfly,WFMP,WFMP_1_0_0,0
1080,Wildfly,WFMP,WFMP_1_0_2,0
1081,Wildfly,WFCORE,WFCORE_2_0_6,0
1082,Wildfly,WFCORE,WFCORE_2_0_10,0
1083,Wildfly,WFCORE,WFCORE_2_0_5,0
1084,Wildfly,WFCORE,WFCORE_2_2_0,0
1085,Wildfly,WFCORE,WFCORE_1_0_0,0
1086,Wildfly,WFCORE,WFCORE_2_1_0,0
1087,Wildfly,WFCORE,WFCORE_2_0_4,0
1088,Wildfly,WFCORE,WFCORE_2_0_3,0
1089,Wildfly,WFCORE,WFCORE_2_0_7,0
1090,Wildfly,WFCORE,WFCORE_2_0_0,0
1091,Wildfly,WFCORE,WFCORE_1_0_2,0
1092,Wildfly,WFCORE,WFCORE_2_0_9,0
1093,Wildfly,WFCORE,WFCORE_2_0_1,0
1094,Wildfly,WFCORE,WFCORE_2_0_8,0
1095,Wildfly,WFCORE,WFCORE_1_0_1,0
1096,Wildfly,WFCORE,WFCORE_3_0_0,0
1097,Wildfly,WFCORE,WFCORE_2_0_2,0
